epoch,step,train_loss
0,9,0.3147229552268982
0,19,0.21419376134872437
0,29,0.14970962703227997
0,39,0.13853774964809418
0,49,0.15232029557228088
0,59,0.15082857012748718
0,69,0.12640270590782166
0,79,0.0651281327009201
0,89,0.19440314173698425
0,99,0.11030863225460052
0,109,0.0894312858581543
0,119,0.0879303440451622
0,129,0.16976365447044373
0,139,0.14205750823020935
0,149,0.2366573065519333
0,159,0.17718780040740967
0,169,0.08234910666942596
0,179,0.08360835909843445
0,189,0.11435477435588837
0,199,0.19839975237846375
0,209,0.12097646296024323
0,219,0.10583589971065521
0,229,0.11995168775320053
0,239,0.07095399498939514
0,249,0.15522977709770203
0,259,0.06776358932256699
0,269,0.12174886465072632
0,279,0.0963842123746872
0,289,0.09225397557020187
0,299,0.09544605016708374
0,309,0.13494303822517395
0,319,0.10898105800151825
0,329,0.051498644053936005
0,339,0.13588953018188477
0,349,0.10372059047222137
0,359,0.18066343665122986
0,369,0.14807270467281342
0,379,0.11382891982793808
0,389,0.19538292288780212
0,399,0.08918043226003647
0,409,0.13333800435066223
0,419,0.1322099268436432
0,429,0.14045068621635437
0,439,0.12152555584907532
0,449,0.1050521582365036
0,459,0.10548947751522064
0,469,0.12432297319173813
0,479,0.13956579566001892
0,489,0.10839702188968658
0,499,0.22878241539001465
0,509,0.06833098828792572
0,519,0.07896661013364792
0,529,0.08989565074443817
0,539,0.17766782641410828
0,549,0.10622008889913559
0,559,0.11266045272350311
0,569,nan
0,579,0.08051301538944244
0,589,0.09619365632534027
0,599,0.1579558253288269
0,609,0.20265132188796997
0,619,0.22639966011047363
0,629,0.08082433044910431
0,639,0.27738267183303833
0,649,0.10207816958427429
0,659,0.14214389026165009
0,669,0.19506751000881195
0,679,nan
0,689,0.1264440417289734
0,699,0.07551468908786774
0,709,0.1584242731332779
0,719,0.1799260824918747
0,729,0.0828503966331482
0,739,0.08072477579116821
0,749,0.14769741892814636
0,759,0.12311695516109467
0,769,0.11765619367361069
0,779,0.12251058220863342
0,789,0.1321316659450531
0,799,0.22344288229942322
0,809,0.10889327526092529
0,819,0.10007251799106598
0,829,0.05481661483645439
0,839,0.15013454854488373
0,849,0.10257106274366379
0,859,0.1318623274564743
0,869,0.08951880782842636
0,879,0.06455743312835693
0,889,0.16812746226787567
0,899,0.09705837815999985
0,909,0.07372304052114487
0,919,nan
0,929,0.12480306625366211
0,939,0.077687568962574
0,949,0.08673717826604843
0,959,0.13067136704921722
0,969,0.14471451938152313
0,979,0.1045277863740921
0,989,0.1002751812338829
0,999,0.15852048993110657
0,1009,0.12142624706029892
0,1019,0.13977867364883423
0,1029,0.1923217475414276
0,1039,0.1540464460849762
0,1049,0.08835496753454208
0,1059,0.0728408694267273
0,1069,0.09435063600540161
0,1079,0.10888630151748657
0,1089,0.14269299805164337
0,1099,0.08292360603809357
0,1109,0.10121628642082214
0,1119,0.10877298563718796
0,1129,0.1460815668106079
1,1139,0.10334855318069458
1,1149,0.11579279601573944
1,1159,0.10872708261013031
1,1169,0.19187729060649872
1,1179,0.07190661132335663
1,1189,0.17169860005378723
1,1199,0.08443575352430344
1,1209,0.17534276843070984
1,1219,nan
1,1229,0.13315242528915405
1,1239,0.15331916511058807
1,1249,0.17929117381572723
1,1259,0.0956348180770874
1,1269,0.06833883374929428
1,1279,0.07450373470783234
1,1289,0.1302897036075592
1,1299,0.10560637712478638
1,1309,0.12798616290092468
1,1319,0.09277369827032089
1,1329,0.21931660175323486
1,1339,0.07595138996839523
1,1349,0.24738183617591858
1,1359,0.08134646713733673
1,1369,0.17282406985759735
1,1379,0.08337624371051788
1,1389,0.10332872718572617
1,1399,0.10110613703727722
1,1409,0.12083451449871063
1,1419,0.12674066424369812
1,1429,0.09316929429769516
1,1439,0.1180768609046936
1,1449,0.15690721571445465
1,1459,0.08873548358678818
1,1469,0.08537247031927109
1,1479,0.10237756371498108
1,1489,0.15174321830272675
1,1499,0.0723954290151596
1,1509,nan
1,1519,0.12042545527219772
1,1529,0.11529487371444702
1,1539,0.11194085329771042
1,1549,0.07551280409097672
1,1559,0.1510421633720398
1,1569,0.1536819040775299
1,1579,0.25196942687034607
1,1589,0.09410184621810913
1,1599,0.1384030431509018
1,1609,0.11206179112195969
1,1619,0.09615819156169891
1,1629,0.1519058644771576
1,1639,0.07239015400409698
1,1649,0.11433199048042297
1,1659,0.12505033612251282
1,1669,0.050132542848587036
1,1679,0.1146211177110672
1,1689,0.16276264190673828
1,1699,0.15603600442409515
1,1709,0.0650450587272644
1,1719,0.10028013586997986
1,1729,0.20197665691375732
1,1739,0.1594068706035614
1,1749,0.12191198766231537
1,1759,0.0692150741815567
1,1769,0.1365351527929306
1,1779,0.12476156651973724
1,1789,0.13686862587928772
1,1799,0.12806925177574158
1,1809,0.05988819897174835
1,1819,0.18663465976715088
1,1829,0.13816522061824799
1,1839,0.16448429226875305
1,1849,0.14560076594352722
1,1859,0.07431226968765259
1,1869,0.15029680728912354
1,1879,0.07044486701488495
1,1889,0.196058988571167
1,1899,0.05406530946493149
1,1909,0.11888992041349411
1,1919,0.12093997001647949
1,1929,0.10676473379135132
1,1939,0.17599976062774658
1,1949,0.10742951929569244
1,1959,0.09168224036693573
1,1969,0.15444454550743103
1,1979,0.10770046710968018
1,1989,0.08590381592512131
1,1999,0.049394771456718445
1,2009,0.11792852729558945
1,2019,0.12585842609405518
1,2029,0.17373254895210266
1,2039,0.10879822820425034
1,2049,0.11525046825408936
1,2059,0.18882140517234802
1,2069,0.1376606822013855
1,2079,0.11409860849380493
1,2089,0.16906671226024628
1,2099,0.09231394529342651
1,2109,0.15992003679275513
1,2119,0.27078020572662354
1,2129,0.14016669988632202
1,2139,0.09848618507385254
1,2149,0.09595536440610886
1,2159,0.15628430247306824
1,2169,0.12096335738897324
1,2179,0.1250630021095276
1,2189,0.16241805255413055
1,2199,0.11668965220451355
1,2209,0.1669773906469345
1,2219,0.18356376886367798
1,2229,0.15661832690238953
1,2239,0.099362812936306
1,2249,0.20656046271324158
1,2259,0.1273941546678543
2,2269,0.2335970401763916
2,2279,0.1368926614522934
2,2289,0.11058925092220306
2,2299,0.1983238160610199
2,2309,0.25897324085235596
2,2319,0.18662552535533905
2,2329,0.19563385844230652
2,2339,0.16652147471904755
2,2349,0.2735913395881653
2,2359,0.1839076727628708
2,2369,0.1836242526769638
2,2379,0.17678865790367126
2,2389,0.19232720136642456
2,2399,0.5876991152763367
2,2409,0.21241597831249237
2,2419,0.17094652354717255
2,2429,0.190310999751091
2,2439,0.2630637288093567
2,2449,0.18639656901359558
2,2459,0.22903303802013397
2,2469,0.20178279280662537
2,2479,0.26374953985214233
2,2489,0.3590437173843384
2,2499,0.2181236445903778
2,2509,0.254798024892807
2,2519,0.2214871495962143
2,2529,0.29305028915405273
2,2539,0.38679632544517517
2,2549,0.41937482357025146
2,2559,0.5454232692718506
2,2569,0.4093182682991028
2,2579,0.6815199851989746
2,2589,0.7321323156356812
2,2599,0.7270304560661316
2,2609,0.6110600829124451
2,2619,0.6253435611724854
2,2629,0.6241406202316284
2,2639,0.6743787527084351
2,2649,0.67173832654953
2,2659,0.6713602542877197
2,2669,0.7493991851806641
2,2679,0.7035300135612488
2,2689,0.6790167689323425
2,2699,0.6886550784111023
2,2709,0.5789846777915955
2,2719,0.6206469535827637
2,2729,0.5436580181121826
2,2739,0.5032596588134766
2,2749,0.6246037483215332
2,2759,0.7320520281791687
2,2769,0.644349992275238
2,2779,0.8205763697624207
2,2789,0.6714012026786804
2,2799,0.6130807399749756
2,2809,0.792012095451355
2,2819,0.6315065622329712
2,2829,0.7323058843612671
2,2839,0.7834662795066833
2,2849,0.7404235601425171
2,2859,0.7918295860290527
2,2869,0.6115147471427917
2,2879,0.8074647188186646
2,2889,0.6043593287467957
2,2899,0.6567522287368774
2,2909,nan
2,2919,0.7540462017059326
2,2929,0.6028861403465271
2,2939,0.6604109406471252
2,2949,0.6446971893310547
2,2959,0.6533815860748291
2,2969,0.5615462064743042
2,2979,0.6197280287742615
2,2989,0.7871642112731934
2,2999,0.5248845815658569
2,3009,0.6003468632698059
2,3019,0.7587909698486328
2,3029,0.770702064037323
2,3039,0.6368638277053833
2,3049,0.5509973764419556
2,3059,0.6820608377456665
2,3069,0.628820538520813
2,3079,0.5542507171630859
2,3089,0.7605547904968262
2,3099,0.6226887106895447
2,3109,0.7656561136245728
2,3119,0.6888512372970581
2,3129,0.5945175886154175
2,3139,0.7554644346237183
2,3149,0.7328643798828125
2,3159,0.6855604648590088
2,3169,0.6409035921096802
2,3179,0.6036028265953064
2,3189,0.6150454878807068
2,3199,nan
2,3209,0.6126132011413574
2,3219,0.5962145924568176
2,3229,0.7635097503662109
2,3239,0.5110588073730469
2,3249,0.8215157389640808
2,3259,0.7349069118499756
2,3269,nan
2,3279,0.6359275579452515
2,3289,0.602820873260498
2,3299,0.6346381306648254
2,3309,0.7078539729118347
2,3319,0.7234100103378296
2,3329,0.5148906707763672
2,3339,0.633780837059021
2,3349,0.6653335690498352
2,3359,0.6480574607849121
2,3369,0.6845897436141968
2,3379,0.8799619078636169
2,3389,0.594922661781311
3,3399,0.668057918548584
3,3409,0.7782554626464844
3,3419,0.6137534379959106
3,3429,0.7660216689109802
3,3439,0.7122671604156494
3,3449,0.7522839307785034
3,3459,0.5397493839263916
3,3469,0.6592470407485962
3,3479,0.7219364643096924
3,3489,0.6605209112167358
3,3499,0.7937523722648621
3,3509,0.5140392780303955
3,3519,0.6862736940383911
3,3529,0.6663350462913513
3,3539,0.5470467209815979
3,3549,0.6717767715454102
3,3559,0.6422623991966248
3,3569,0.7015222907066345
3,3579,0.6024436950683594
3,3589,0.5582112669944763
3,3599,0.8696328997612
3,3609,0.8464674949645996
3,3619,0.5506763458251953
3,3629,0.565122663974762
3,3639,0.7242633700370789
3,3649,0.8639315366744995
3,3659,0.653602659702301
3,3669,0.804170548915863
3,3679,0.6238691210746765
3,3689,0.7086902856826782
3,3699,0.5843682885169983
3,3709,0.641139566898346
3,3719,0.7271677851676941
3,3729,0.6835183501243591
3,3739,0.7086319327354431
3,3749,0.7851951122283936
3,3759,0.6275161504745483
3,3769,0.8542519807815552
3,3779,0.6095527410507202
3,3789,0.8711552619934082
3,3799,0.7672948837280273
3,3809,0.7299003601074219
3,3819,0.5786735415458679
3,3829,0.7032327651977539
3,3839,0.6556877493858337
3,3849,0.6874257922172546
3,3859,0.6814526319503784
3,3869,0.7068037390708923
3,3879,0.5819999575614929
3,3889,0.4769248962402344
3,3899,0.8377107977867126
3,3909,0.6716852188110352
3,3919,0.71701979637146
3,3929,0.8032357692718506
3,3939,0.6600404977798462
3,3949,0.6699668765068054
3,3959,0.5502433776855469
3,3969,0.7715790271759033
3,3979,0.5198205709457397
3,3989,0.9467291235923767
3,3999,0.7235527038574219
3,4009,0.6229827404022217
3,4019,0.8330204486846924
3,4029,0.6865103244781494
3,4039,0.721770167350769
3,4049,0.781114935874939
3,4059,0.7277924418449402
3,4069,0.754071831703186
3,4079,0.6798455119132996
3,4089,0.7113921642303467
3,4099,0.6055095195770264
3,4109,0.6128923296928406
3,4119,0.8124120235443115
3,4129,0.6634153723716736
3,4139,0.5495924949645996
3,4149,0.7586907744407654
3,4159,0.6518762707710266
3,4169,nan
3,4179,0.6646615266799927
3,4189,0.856691300868988
3,4199,0.7150676250457764
3,4209,0.7738403081893921
3,4219,0.8137013912200928
3,4229,0.5340355634689331
3,4239,0.7946031093597412
3,4249,0.7021089792251587
3,4259,0.5891861915588379
3,4269,0.7129992842674255
3,4279,0.7392627596855164
3,4289,0.6912518739700317
3,4299,0.47702574729919434
3,4309,0.5804170370101929
3,4319,0.6677331924438477
3,4329,0.6295353770256042
3,4339,0.4830349385738373
3,4349,0.6581579446792603
3,4359,0.5722959041595459
3,4369,0.6322157382965088
3,4379,0.6228933334350586
3,4389,0.6162421703338623
3,4399,0.5182440280914307
3,4409,0.6293692588806152
3,4419,0.587340235710144
3,4429,0.5384481549263
3,4439,0.8707526922225952
3,4449,0.6687116622924805
3,4459,0.7555218935012817
3,4469,0.4737085700035095
3,4479,0.5735623240470886
3,4489,0.7107412219047546
3,4499,0.6548933386802673
3,4509,0.615565299987793
3,4519,0.6813961267471313
4,4529,nan
4,4539,0.6897773146629333
4,4549,0.8455944061279297
4,4559,0.6901955604553223
4,4569,0.5902161002159119
4,4579,0.7420263290405273
4,4589,0.6149021983146667
4,4599,0.6014853715896606
4,4609,0.6273172497749329
4,4619,0.6791555285453796
4,4629,0.8584507703781128
4,4639,0.6935180425643921
4,4649,0.6279155015945435
4,4659,0.8162307143211365
4,4669,0.7067350149154663
4,4679,0.7032232284545898
4,4689,0.5769344568252563
4,4699,0.518058717250824
4,4709,0.5840076804161072
4,4719,0.7472795248031616
4,4729,0.6118398904800415
4,4739,0.8164278864860535
4,4749,0.6502422094345093
4,4759,0.6901510953903198
4,4769,0.844206690788269
4,4779,0.7963895201683044
4,4789,0.7601179480552673
4,4799,0.6566904783248901
4,4809,0.5452096462249756
4,4819,0.7795035243034363
4,4829,0.5898973941802979
4,4839,0.6192123889923096
4,4849,0.5701912641525269
4,4859,0.6890890002250671
4,4869,0.7325700521469116
4,4879,0.5842155814170837
4,4889,0.5707032084465027
4,4899,0.5980398058891296
4,4909,0.7337725162506104
4,4919,0.7344574928283691
4,4929,0.6701501607894897
4,4939,0.7183241248130798
4,4949,0.5107557773590088
4,4959,0.7683335542678833
4,4969,0.7054161429405212
4,4979,0.7494215965270996
4,4989,0.65035480260849
4,4999,0.608221173286438
4,5009,0.6075669527053833
4,5019,nan
4,5029,0.6655212044715881
4,5039,0.6002814173698425
4,5049,0.5437962412834167
4,5059,0.7283467650413513
4,5069,0.7246899604797363
4,5079,0.7384633421897888
4,5089,0.6313104629516602
4,5099,0.8189145922660828
4,5109,0.5849815607070923
4,5119,0.6750819087028503
4,5129,0.5772992372512817
4,5139,0.5324751734733582
4,5149,0.613173246383667
4,5159,0.5346325635910034
4,5169,0.5799855589866638
4,5179,0.6180355548858643
4,5189,0.5209515690803528
4,5199,0.802848219871521
4,5209,0.6289569139480591
4,5219,0.7096368074417114
4,5229,0.5641802549362183
4,5239,0.7297088503837585
4,5249,0.7017611861228943
4,5259,0.6824662685394287
4,5269,0.6198951601982117
4,5279,0.7191753387451172
4,5289,0.7333300113677979
4,5299,0.5364245772361755
4,5309,0.7033778429031372
4,5319,0.5879625082015991
4,5329,0.5603599548339844
4,5339,0.6780898571014404
4,5349,0.5297991037368774
4,5359,0.5467153787612915
4,5369,0.7828759551048279
4,5379,0.7709843516349792
4,5389,0.6595823764801025
4,5399,0.5680196285247803
4,5409,nan
4,5419,0.8141994476318359
4,5429,0.6809142827987671
4,5439,0.6116816997528076
4,5449,0.7016943693161011
4,5459,0.7702063322067261
4,5469,0.7206377983093262
4,5479,0.7940325736999512
4,5489,0.45660603046417236
4,5499,0.7511386275291443
4,5509,0.5579022169113159
4,5519,0.6395987868309021
4,5529,0.4792385995388031
4,5539,0.710852861404419
4,5549,0.5907809734344482
4,5559,0.6240860223770142
4,5569,0.818933367729187
4,5579,0.6276285648345947
4,5589,0.6308950781822205
4,5599,0.7961939573287964
4,5609,0.6969753503799438
4,5619,0.6183552145957947
4,5629,0.7368454933166504
4,5639,0.5731225609779358
4,5649,0.8643125891685486
5,5659,0.5056027770042419
5,5669,0.7086717486381531
5,5679,0.7309609651565552
5,5689,0.7144649028778076
5,5699,0.6242021918296814
5,5709,0.7249935865402222
5,5719,0.633390486240387
5,5729,0.5283820033073425
5,5739,0.8208284378051758
5,5749,0.8016359210014343
5,5759,0.674026370048523
5,5769,0.6412258148193359
5,5779,0.6568299531936646
5,5789,0.8430209159851074
5,5799,0.7056288719177246
5,5809,0.7451373934745789
5,5819,0.845252513885498
5,5829,0.6414913535118103
5,5839,0.7049177885055542
5,5849,0.7021581530570984
5,5859,0.7376461029052734
5,5869,0.6823630332946777
5,5879,0.729634165763855
5,5889,0.7539950609207153
5,5899,0.8093746900558472
5,5909,nan
5,5919,0.7740639448165894
5,5929,0.6474562883377075
5,5939,0.7396578788757324
5,5949,0.5663897395133972
5,5959,0.7660578489303589
5,5969,0.6207166910171509
5,5979,0.6615252494812012
5,5989,0.6197106838226318
5,5999,0.6351412534713745
5,6009,0.6810876727104187
5,6019,0.7064552307128906
5,6029,0.5112089514732361
5,6039,0.7393196821212769
5,6049,0.7213679552078247
5,6059,0.5751611590385437
5,6069,0.5709766149520874
5,6079,0.7277993559837341
5,6089,0.7508029937744141
5,6099,0.6405889987945557
5,6109,0.5485185980796814
5,6119,0.7763280868530273
5,6129,0.7118277549743652
5,6139,0.6606252193450928
5,6149,0.7243145704269409
5,6159,0.7598317861557007
5,6169,0.7215346097946167
5,6179,0.5346313714981079
5,6189,0.6585467457771301
5,6199,0.7145097255706787
5,6209,0.8296589255332947
5,6219,0.7456926107406616
5,6229,0.6287998557090759
5,6239,0.5874045491218567
5,6249,0.6517471075057983
5,6259,0.5444455146789551
5,6269,0.7309283018112183
5,6279,0.65099036693573
5,6289,0.5973318815231323
5,6299,0.5218421220779419
5,6309,0.6485313177108765
5,6319,0.5325312614440918
5,6329,0.8052616119384766
5,6339,0.8757723569869995
5,6349,0.65538489818573
5,6359,0.7593101263046265
5,6369,0.5775039196014404
5,6379,0.6889742612838745
5,6389,0.593349039554596
5,6399,0.6454471945762634
5,6409,0.6639130115509033
5,6419,0.7651950716972351
5,6429,0.6894338130950928
5,6439,0.7638930082321167
5,6449,0.5852078199386597
5,6459,0.6249811053276062
5,6469,0.7403413653373718
5,6479,0.7730821371078491
5,6489,0.703593373298645
5,6499,0.7358261346817017
5,6509,0.6610044240951538
5,6519,0.5757233500480652
5,6529,0.7123754024505615
5,6539,0.6529774069786072
5,6549,0.6173980236053467
5,6559,0.7602793574333191
5,6569,0.7045305967330933
5,6579,0.5070956349372864
5,6589,0.7668668627738953
5,6599,0.5989797115325928
5,6609,0.7869088649749756
5,6619,0.7016156911849976
5,6629,0.7439281344413757
5,6639,0.6349470615386963
5,6649,0.7137500643730164
5,6659,0.5553334951400757
5,6669,0.69267737865448
5,6679,0.5045294761657715
5,6689,0.7258235812187195
5,6699,0.6476438045501709
5,6709,0.8582870364189148
5,6719,0.6405360102653503
5,6729,0.6163116693496704
5,6739,0.9309844970703125
5,6749,0.5670453310012817
5,6759,0.5963054299354553
5,6769,0.6143051385879517
5,6779,0.7342705130577087
6,6789,0.7261554598808289
6,6799,0.6256924867630005
6,6809,0.6724769473075867
6,6819,0.6242997646331787
6,6829,0.4915115237236023
6,6839,0.7072176337242126
6,6849,0.4990741014480591
6,6859,0.6342568397521973
6,6869,0.6959521174430847
6,6879,0.5600298643112183
6,6889,0.7064346075057983
6,6899,0.7140249013900757
6,6909,0.8311166763305664
6,6919,0.6565788984298706
6,6929,0.7864174246788025
6,6939,0.824347972869873
6,6949,0.6437417268753052
6,6959,0.7137482166290283
6,6969,0.5906732082366943
6,6979,0.679262101650238
6,6989,0.708685576915741
6,6999,0.7324463725090027
6,7009,0.6115528345108032
6,7019,0.5994035005569458
6,7029,0.5278671979904175
6,7039,0.6471385359764099
6,7049,0.6148301362991333
6,7059,0.6478235125541687
6,7069,0.8005681037902832
6,7079,0.7682611346244812
6,7089,0.6333187818527222
6,7099,0.5420533418655396
6,7109,0.6449569463729858
6,7119,0.6107073426246643
6,7129,0.5534316301345825
6,7139,0.6186192035675049
6,7149,0.6536773443222046
6,7159,0.5588325262069702
6,7169,0.632779061794281
6,7179,0.5694762468338013
6,7189,0.5468839406967163
6,7199,0.6409047842025757
6,7209,0.6207826733589172
6,7219,0.6700441837310791
6,7229,0.7421978712081909
6,7239,0.5557992458343506
6,7249,0.7028429508209229
6,7259,0.462418794631958
6,7269,0.6834187507629395
6,7279,0.5612455606460571
6,7289,0.6522564888000488
6,7299,0.6902331709861755
6,7309,0.7816097140312195
6,7319,0.5978357791900635
6,7329,0.581378698348999
6,7339,0.7983075976371765
6,7349,0.6573920249938965
6,7359,0.5724135637283325
6,7369,0.7350063323974609
6,7379,0.5588095784187317
6,7389,0.5046822428703308
6,7399,0.6046959757804871
6,7409,0.5731421709060669
6,7419,0.627344012260437
6,7429,0.70599365234375
6,7439,0.6658042669296265
6,7449,0.6648000478744507
6,7459,0.6465455293655396
6,7469,0.62701416015625
6,7479,0.6713980436325073
6,7489,0.6568024158477783
6,7499,0.6092645525932312
6,7509,0.571044921875
6,7519,0.5740230083465576
6,7529,0.6396516561508179
6,7539,nan
6,7549,0.67961585521698
6,7559,0.7555510997772217
6,7569,0.6170521974563599
6,7579,0.5698226690292358
6,7589,0.8414949178695679
6,7599,0.5816704034805298
6,7609,0.7346447706222534
6,7619,0.757003664970398
6,7629,0.6578210592269897
6,7639,0.6139575839042664
6,7649,0.6770409345626831
6,7659,0.612697958946228
6,7669,0.7466499209403992
6,7679,0.6095383167266846
6,7689,0.5441534519195557
6,7699,0.6338651180267334
6,7709,0.6744951009750366
6,7719,0.7121652364730835
6,7729,0.5613421201705933
6,7739,0.7012679576873779
6,7749,0.6880412101745605
6,7759,0.784127414226532
6,7769,0.8736690282821655
6,7779,0.6288180351257324
6,7789,0.7778422832489014
6,7799,0.6708258390426636
6,7809,0.6547894477844238
6,7819,0.575690507888794
6,7829,0.7826650142669678
6,7839,0.607267439365387
6,7849,0.5876668691635132
6,7859,0.6645207405090332
6,7869,0.6284531354904175
6,7879,0.6968225836753845
6,7889,0.701396107673645
6,7899,0.618985652923584
6,7909,0.5590175986289978
7,7919,0.47901320457458496
7,7929,0.647201418876648
7,7939,0.8859685659408569
7,7949,0.8380367159843445
7,7959,0.6730793714523315
7,7969,0.6066871881484985
7,7979,0.7806498408317566
7,7989,0.750153660774231
7,7999,0.6968428492546082
7,8009,0.7387961149215698
7,8019,0.7185670733451843
7,8029,0.5931665897369385
7,8039,0.8842699527740479
7,8049,0.6971050500869751
7,8059,0.6909396648406982
7,8069,0.8244283199310303
7,8079,0.7716068625450134
7,8089,0.5237137079238892
7,8099,0.814922571182251
7,8109,0.8318350315093994
7,8119,0.6477590203285217
7,8129,0.7731952667236328
7,8139,0.6574720740318298
7,8149,0.6621701717376709
7,8159,0.5285383462905884
7,8169,0.7466537952423096
7,8179,0.7353028059005737
7,8189,0.6630412340164185
7,8199,0.754779040813446
7,8209,0.7341625690460205
7,8219,0.7311295866966248
7,8229,0.6575716733932495
7,8239,nan
7,8249,0.7633824348449707
7,8259,0.7806644439697266
7,8269,0.6632051467895508
7,8279,0.7064142227172852
7,8289,0.5897383093833923
7,8299,0.754306435585022
7,8309,0.8069957494735718
7,8319,0.5407739877700806
7,8329,0.6968785524368286
7,8339,0.6382865905761719
7,8349,0.5572028160095215
7,8359,0.6417796611785889
7,8369,0.7653354406356812
7,8379,0.7196779251098633
7,8389,0.7793092131614685
7,8399,0.612075686454773
7,8409,0.5004643201828003
7,8419,0.7185191512107849
7,8429,0.7075578570365906
7,8439,0.6228962540626526
7,8449,0.6227725744247437
7,8459,0.6009103059768677
7,8469,0.6763619780540466
7,8479,0.7113837003707886
7,8489,0.6556352376937866
7,8499,0.6853060722351074
7,8509,0.5427134037017822
7,8519,0.5691040754318237
7,8529,0.5729720592498779
7,8539,0.7849828004837036
7,8549,0.6942694187164307
7,8559,0.6225731372833252
7,8569,0.7861441373825073
7,8579,0.8279622793197632
7,8589,0.6960686445236206
7,8599,0.665206253528595
7,8609,0.6811158061027527
7,8619,0.621152937412262
7,8629,0.685320258140564
7,8639,0.5800911784172058
7,8649,0.8296551704406738
7,8659,0.8448783755302429
7,8669,0.7257675528526306
7,8679,0.7367446422576904
7,8689,0.6869620084762573
7,8699,0.44100937247276306
7,8709,0.6036489605903625
7,8719,0.6434018015861511
7,8729,0.7086459398269653
7,8739,0.730626106262207
7,8749,0.8380254507064819
7,8759,0.7394804954528809
7,8769,0.7039213180541992
7,8779,0.7253336906433105
7,8789,0.7963122129440308
7,8799,0.6097823977470398
7,8809,0.5646167397499084
7,8819,0.48150238394737244
7,8829,0.7312405109405518
7,8839,0.7226573824882507
7,8849,0.7695440053939819
7,8859,0.6892919540405273
7,8869,0.5184088349342346
7,8879,0.651700496673584
7,8889,0.6296541690826416
7,8899,0.5670355558395386
7,8909,0.6026206016540527
7,8919,0.7079698443412781
7,8929,0.5733708739280701
7,8939,0.6850781440734863
7,8949,0.6818413138389587
7,8959,0.8997292518615723
7,8969,0.5081390738487244
7,8979,0.708838701248169
7,8989,0.6866223216056824
7,8999,0.6783792972564697
7,9009,0.6120902895927429
7,9019,0.753596305847168
7,9029,0.6069377660751343
7,9039,0.6241730451583862
8,9049,0.5813239812850952
8,9059,0.7144837379455566
8,9069,0.889957070350647
8,9079,0.6934762001037598
8,9089,0.721184253692627
8,9099,0.7860514521598816
8,9109,0.6644178628921509
8,9119,0.6980623602867126
8,9129,0.6873388290405273
8,9139,0.5606629252433777
8,9149,0.764971137046814
8,9159,0.5783771872520447
8,9169,0.8262758255004883
8,9179,0.722990870475769
8,9189,0.5625172853469849
8,9199,0.8493770360946655
8,9209,0.5972415804862976
8,9219,0.5830103158950806
8,9229,0.6507853269577026
8,9239,0.8050626516342163
8,9249,0.6937608122825623
8,9259,0.6125484704971313
8,9269,0.805679976940155
8,9279,0.6725195646286011
8,9289,0.6537136435508728
8,9299,0.6906598806381226
8,9309,0.6585839986801147
8,9319,0.5954443216323853
8,9329,0.7973748445510864
8,9339,0.6403508186340332
8,9349,0.6533759832382202
8,9359,0.5253170728683472
8,9369,0.565086841583252
8,9379,0.7627496719360352
8,9389,0.7978585958480835
8,9399,0.8008804321289062
8,9409,0.7882887721061707
8,9419,0.6153992414474487
8,9429,0.7194005846977234
8,9439,0.6886476874351501
8,9449,0.720678985118866
8,9459,0.682654857635498
8,9469,0.6769343614578247
8,9479,0.6857285499572754
8,9489,0.5698769092559814
8,9499,0.5760784149169922
8,9509,0.6753363013267517
8,9519,0.6178052425384521
8,9529,0.6985350847244263
8,9539,0.6875619888305664
8,9549,0.6578323841094971
8,9559,0.652472198009491
8,9569,0.7380945682525635
8,9579,0.6282512545585632
8,9589,0.5533996820449829
8,9599,0.7700270414352417
8,9609,0.8428735733032227
8,9619,0.7138726115226746
8,9629,0.5958289504051208
8,9639,0.9368133544921875
8,9649,0.7650587558746338
8,9659,0.7461229562759399
8,9669,0.7733336687088013
8,9679,0.7038896083831787
8,9689,0.6692485809326172
8,9699,0.5821434259414673
8,9709,0.5426266193389893
8,9719,0.7710945010185242
8,9729,0.6144968271255493
8,9739,0.7063120603561401
8,9749,0.8164812326431274
8,9759,0.759335458278656
8,9769,0.6056579947471619
8,9779,0.7745415568351746
8,9789,0.6600016951560974
8,9799,0.7998666763305664
8,9809,0.7485437393188477
8,9819,0.6168787479400635
8,9829,0.6437221765518188
8,9839,0.7373682856559753
8,9849,0.48208627104759216
8,9859,0.7382251024246216
8,9869,0.6507076621055603
8,9879,0.6917478442192078
8,9889,0.7091933488845825
8,9899,0.6848213076591492
8,9909,0.6135358810424805
8,9919,0.663236141204834
8,9929,0.8177222013473511
8,9939,0.5957403182983398
8,9949,0.7333588600158691
8,9959,0.6432430744171143
8,9969,0.6942614316940308
8,9979,0.6824110746383667
8,9989,0.6284852027893066
8,9999,0.6822987794876099
8,10009,0.6415989398956299
8,10019,0.6101449728012085
8,10029,0.5489531755447388
8,10039,0.5839865207672119
8,10049,0.4892863631248474
8,10059,0.7183754444122314
8,10069,0.5600543022155762
8,10079,0.5240041613578796
8,10089,0.543648362159729
8,10099,0.7423944473266602
8,10109,0.6936345100402832
8,10119,0.6993233561515808
8,10129,0.5895185470581055
8,10139,0.5699244737625122
8,10149,0.6229269504547119
8,10159,0.7484058141708374
8,10169,0.842485785484314
9,10179,nan
9,10189,0.6827176809310913
9,10199,0.670822262763977
9,10209,0.6759679317474365
9,10219,nan
9,10229,0.720760703086853
9,10239,0.5755527019500732
9,10249,0.8302488327026367
9,10259,0.7050411701202393
9,10269,0.6949751377105713
9,10279,0.6506319046020508
9,10289,0.6206140518188477
9,10299,0.729965329170227
9,10309,0.9083644151687622
9,10319,0.5809666514396667
9,10329,0.6762313842773438
9,10339,0.700414776802063
9,10349,0.641817569732666
9,10359,0.6931316256523132
9,10369,0.6093366146087646
9,10379,0.7142785787582397
9,10389,0.7516003847122192
9,10399,0.6833920478820801
9,10409,0.712570071220398
9,10419,0.5084784030914307
9,10429,0.6000053286552429
9,10439,0.7579140067100525
9,10449,0.7721897959709167
9,10459,0.8469745516777039
9,10469,0.6251480579376221
9,10479,0.606462836265564
9,10489,0.8218603134155273
9,10499,0.6239413022994995
9,10509,0.663790762424469
9,10519,0.4846111238002777
9,10529,0.6966091990470886
9,10539,0.5211932063102722
9,10549,0.6761306524276733
9,10559,0.8076505064964294
9,10569,0.553466260433197
9,10579,0.670193076133728
9,10589,0.6282080411911011
9,10599,0.542980968952179
9,10609,0.6836237907409668
9,10619,0.5550928115844727
9,10629,0.701105535030365
9,10639,0.7741994857788086
9,10649,0.6752139925956726
9,10659,0.7171268463134766
9,10669,0.6414426565170288
9,10679,0.8435248732566833
9,10689,0.6786307096481323
9,10699,0.7944724559783936
9,10709,0.7440573573112488
9,10719,0.6401442289352417
9,10729,0.7537033557891846
9,10739,0.8213822841644287
9,10749,0.6639695167541504
9,10759,0.7412006258964539
9,10769,0.6460346579551697
9,10779,0.7210988402366638
9,10789,0.7402316927909851
9,10799,0.6896855235099792
9,10809,0.5429390072822571
9,10819,0.586214005947113
9,10829,0.6352658271789551
9,10839,0.8102731108665466
9,10849,0.5407967567443848
9,10859,0.6520688533782959
9,10869,0.7965325117111206
9,10879,0.7426170706748962
9,10889,0.674040675163269
9,10899,0.6585863828659058
9,10909,0.5597476959228516
9,10919,0.6985551714897156
9,10929,0.77496737241745
9,10939,0.7810134887695312
9,10949,0.7515052556991577
9,10959,0.9899429082870483
9,10969,0.5440765619277954
9,10979,0.6799785494804382
9,10989,0.5774811506271362
9,10999,0.56488436460495
9,11009,0.6620062589645386
9,11019,0.7256461381912231
9,11029,0.831845760345459
9,11039,0.7858809232711792
9,11049,0.6324223279953003
9,11059,0.5000754594802856
9,11069,nan
9,11079,nan
9,11089,nan
9,11099,nan
9,11109,nan
9,11119,nan
9,11129,nan
9,11139,nan
9,11149,nan
9,11159,nan
9,11169,nan
9,11179,nan
9,11189,nan
9,11199,nan
9,11209,nan
9,11219,nan
9,11229,nan
9,11239,nan
9,11249,nan
9,11259,nan
9,11269,nan
9,11279,nan
9,11289,nan
9,11299,nan
9,11309,nan
